Main crops, Type of ownership , Macroregions  development regions and counties, Years, MU: Hectares, Valoare
Rapeseed, Total, TOTAL, Year 1990, Hectares, 13064
Rapeseed, Total, TOTAL, Year 1991, Hectares, 8813
Rapeseed, Total, TOTAL, Year 1992, Hectares, 1734
Rapeseed, Total, TOTAL, Year 1993, Hectares, 1458
Rapeseed, Total, TOTAL, Year 1994, Hectares, 342
Rapeseed, Total, TOTAL, Year 1995, Hectares, 303
Rapeseed, Total, TOTAL, Year 1996, Hectares, 1719
Rapeseed, Total, TOTAL, Year 1997, Hectares, 7190
Rapeseed, Total, TOTAL, Year 1998, Hectares, 27017
Rapeseed, Total, TOTAL, Year 1999, Hectares, 83630
Rapeseed, Total, TOTAL, Year 2000, Hectares, 68412
Rapeseed, Total, TOTAL, Year 2001, Hectares, 82395
Rapeseed, Total, TOTAL, Year 2002, Hectares, 74612
Rapeseed, Total, TOTAL, Year 2003, Hectares, 17067
Rapeseed, Total, TOTAL, Year 2004, Hectares, 49728
Rapeseed, Total, TOTAL, Year 2005, Hectares, 87783
Rapeseed, Total, TOTAL, Year 2006, Hectares, 110110
Rapeseed, Total, TOTAL, Year 2007, Hectares, 364919
Rapeseed, Total, TOTAL, Year 2008, Hectares, 364978
Rapeseed, Total, TOTAL, Year 2009, Hectares, 419900
Rapeseed, Total, TOTAL, Year 2010, Hectares, 537330
Rapeseed, Total, TOTAL, Year 2011, Hectares, 392668
Rapeseed, Total, TOTAL, Year 2012, Hectares, 105295
Rapeseed, Total, TOTAL, Year 2013, Hectares, 276596
Rapeseed, Total, TOTAL, Year 2014, Hectares, 406705
Rapeseed, Total, TOTAL, Year 2015, Hectares, 367885
Rapeseed, Total, TOTAL, Year 2016, Hectares, 455953
Rapeseed, Total, TOTAL, Year 2017, Hectares, 597967
Rapeseed, Total, TOTAL, Year 2018, Hectares, 632679
Rapeseed, Total, TOTAL, Year 2019, Hectares, 352622
Rapeseed, Total, TOTAL, Year 2020, Hectares, 362865
Rapeseed, Total, TOTAL, Year 2021, Hectares, 445918
Rapeseed, Total, TOTAL, Year 2022, Hectares, 468870
Rapeseed, Total, TOTAL, Year 2023, Hectares, 641425
Rapeseed, Total, TOTAL, Year 2024, Hectares, 522298
Rapeseed, Total, Arges, Year 1998, Hectares, 10
Rapeseed, Total, Arges, Year 1999, Hectares, 463
Rapeseed, Total, Arges, Year 2000, Hectares, 379
Rapeseed, Total, Arges, Year 2001, Hectares, 574
Rapeseed, Total, Arges, Year 2002, Hectares, 1657
Rapeseed, Total, Arges, Year 2003, Hectares, 1379
Rapeseed, Total, Arges, Year 2004, Hectares, 1823
Rapeseed, Total, Arges, Year 2005, Hectares, 1703
Rapeseed, Total, Arges, Year 2006, Hectares, 753
Rapeseed, Total, Arges, Year 2007, Hectares, 3743
Rapeseed, Total, Arges, Year 2008, Hectares, 4041
Rapeseed, Total, Arges, Year 2009, Hectares, 5109
Rapeseed, Total, Arges, Year 2010, Hectares, 9168
Rapeseed, Total, Arges, Year 2011, Hectares, 7563
Rapeseed, Total, Arges, Year 2012, Hectares, 1392
Rapeseed, Total, Arges, Year 2013, Hectares, 4559
Rapeseed, Total, Arges, Year 2014, Hectares, 5962
Rapeseed, Total, Arges, Year 2015, Hectares, 6247
Rapeseed, Total, Arges, Year 2016, Hectares, 5933
Rapeseed, Total, Arges, Year 2017, Hectares, 5293
Rapeseed, Total, Arges, Year 2018, Hectares, 5856
Rapeseed, Total, Arges, Year 2019, Hectares, 2755
Rapeseed, Total, Arges, Year 2020, Hectares, 1624
Rapeseed, Total, Arges, Year 2021, Hectares, 3592
Rapeseed, Total, Arges, Year 2022, Hectares, 6113
Rapeseed, Total, Arges, Year 2023, Hectares, 9846
Rapeseed, Total, Arges, Year 2024, Hectares, 7222
Rapeseed, Total, Bacau, Year 1998, Hectares, 53
Rapeseed, Total, Bacau, Year 2000, Hectares, 100
Rapeseed, Total, Bacau, Year 2001, Hectares, 142
Rapeseed, Total, Bacau, Year 2002, Hectares, 105
Rapeseed, Total, Bacau, Year 2003, Hectares, 218
Rapeseed, Total, Bacau, Year 2004, Hectares, 217
Rapeseed, Total, Bacau, Year 2005, Hectares, 650
Rapeseed, Total, Bacau, Year 2006, Hectares, 710
Rapeseed, Total, Bacau, Year 2007, Hectares, 2075
Rapeseed, Total, Bacau, Year 2008, Hectares, 2368
Rapeseed, Total, Bacau, Year 2009, Hectares, 3477
Rapeseed, Total, Bacau, Year 2010, Hectares, 3509
Rapeseed, Total, Bacau, Year 2011, Hectares, 4605
Rapeseed, Total, Bacau, Year 2012, Hectares, 1780
Rapeseed, Total, Bacau, Year 2013, Hectares, 2209
Rapeseed, Total, Bacau, Year 2014, Hectares, 2611
Rapeseed, Total, Bacau, Year 2015, Hectares, 2108
Rapeseed, Total, Bacau, Year 2016, Hectares, 3592
Rapeseed, Total, Bacau, Year 2017, Hectares, 4748
Rapeseed, Total, Bacau, Year 2018, Hectares, 4926
Rapeseed, Total, Bacau, Year 2019, Hectares, 4141
Rapeseed, Total, Bacau, Year 2020, Hectares, 3837
Rapeseed, Total, Bacau, Year 2021, Hectares, 3175
Rapeseed, Total, Bacau, Year 2022, Hectares, 3142
Rapeseed, Total, Bacau, Year 2023, Hectares, 7623
Rapeseed, Total, Bacau, Year 2024, Hectares, 8543
Rapeseed, Total, Bihor, Year 1990, Hectares, 1499
Rapeseed, Total, Bihor, Year 1991, Hectares, 807
Rapeseed, Total, Bihor, Year 1992, Hectares, 60
Rapeseed, Total, Bihor, Year 1993, Hectares, 100
Rapeseed, Total, Bihor, Year 1996, Hectares, 15
Rapeseed, Total, Bihor, Year 1997, Hectares, 151
Rapeseed, Total, Bihor, Year 1998, Hectares, 1155
Rapeseed, Total, Bihor, Year 1999, Hectares, 990
Rapeseed, Total, Bihor, Year 2000, Hectares, 561
Rapeseed, Total, Bihor, Year 2001, Hectares, 51
Rapeseed, Total, Bihor, Year 2002, Hectares, 453
Rapeseed, Total, Bihor, Year 2003, Hectares, 205
Rapeseed, Total, Bihor, Year 2004, Hectares, 366
Rapeseed, Total, Bihor, Year 2005, Hectares, 440
Rapeseed, Total, Bihor, Year 2006, Hectares, 1262
Rapeseed, Total, Bihor, Year 2007, Hectares, 3550
Rapeseed, Total, Bihor, Year 2008, Hectares, 4280
Rapeseed, Total, Bihor, Year 2009, Hectares, 4933
Rapeseed, Total, Bihor, Year 2010, Hectares, 3078
Rapeseed, Total, Bihor, Year 2011, Hectares, 3367
Rapeseed, Total, Bihor, Year 2012, Hectares, 1874
Rapeseed, Total, Bihor, Year 2013, Hectares, 4168
Rapeseed, Total, Bihor, Year 2014, Hectares, 5435
Rapeseed, Total, Bihor, Year 2015, Hectares, 4516
Rapeseed, Total, Bihor, Year 2016, Hectares, 5549
Rapeseed, Total, Bihor, Year 2017, Hectares, 10701
Rapeseed, Total, Bihor, Year 2018, Hectares, 12696
Rapeseed, Total, Bihor, Year 2019, Hectares, 15101
Rapeseed, Total, Bihor, Year 2020, Hectares, 14252
Rapeseed, Total, Bihor, Year 2021, Hectares, 18668
Rapeseed, Total, Bihor, Year 2022, Hectares, 17784
Rapeseed, Total, Bihor, Year 2023, Hectares, 19244
Rapeseed, Total, Bihor, Year 2024, Hectares, 20206
Rapeseed, Total, Dolj, Year 1990, Hectares, 540
Rapeseed, Total, Dolj, Year 1991, Hectares, 434
Rapeseed, Total, Dolj, Year 1995, Hectares, 50
Rapeseed, Total, Dolj, Year 1997, Hectares, 200
Rapeseed, Total, Dolj, Year 1998, Hectares, 745
Rapeseed, Total, Dolj, Year 1999, Hectares, 659
Rapeseed, Total, Dolj, Year 2000, Hectares, 401
Rapeseed, Total, Dolj, Year 2001, Hectares, 2446
Rapeseed, Total, Dolj, Year 2002, Hectares, 4854
Rapeseed, Total, Dolj, Year 2003, Hectares, 3790
Rapeseed, Total, Dolj, Year 2004, Hectares, 2889
Rapeseed, Total, Dolj, Year 2005, Hectares, 3114
Rapeseed, Total, Dolj, Year 2006, Hectares, 4308
Rapeseed, Total, Dolj, Year 2007, Hectares, 14964
Rapeseed, Total, Dolj, Year 2008, Hectares, 14630
Rapeseed, Total, Dolj, Year 2009, Hectares, 14408
Rapeseed, Total, Dolj, Year 2010, Hectares, 28915
Rapeseed, Total, Dolj, Year 2011, Hectares, 19371
Rapeseed, Total, Dolj, Year 2012, Hectares, 8284
Rapeseed, Total, Dolj, Year 2013, Hectares, 4882
Rapeseed, Total, Dolj, Year 2014, Hectares, 8117
Rapeseed, Total, Dolj, Year 2015, Hectares, 13845
Rapeseed, Total, Dolj, Year 2016, Hectares, 17768
Rapeseed, Total, Dolj, Year 2017, Hectares, 29061
Rapeseed, Total, Dolj, Year 2018, Hectares, 30111
Rapeseed, Total, Dolj, Year 2019, Hectares, 14933
Rapeseed, Total, Dolj, Year 2020, Hectares, 12702
Rapeseed, Total, Dolj, Year 2021, Hectares, 17319
Rapeseed, Total, Dolj, Year 2022, Hectares, 17340
Rapeseed, Total, Dolj, Year 2023, Hectares, 24215
Rapeseed, Total, Dolj, Year 2024, Hectares, 23252
Rapeseed, Total, Bistrita-Nasaud, Year 2003, Hectares, 31
Rapeseed, Total, Bistrita-Nasaud, Year 2004, Hectares, 50
Rapeseed, Total, Bistrita-Nasaud, Year 2005, Hectares, 16
Rapeseed, Total, Bistrita-Nasaud, Year 2008, Hectares, 53
Rapeseed, Total, Bistrita-Nasaud, Year 2010, Hectares, 1
Rapeseed, Total, Bistrita-Nasaud, Year 2011, Hectares, 4
Rapeseed, Total, Bistrita-Nasaud, Year 2013, Hectares, 1
Rapeseed, Total, Bistrita-Nasaud, Year 2014, Hectares, 19
Rapeseed, Total, Bistrita-Nasaud, Year 2015, Hectares, 75
Rapeseed, Total, Bistrita-Nasaud, Year 2017, Hectares, 38
Rapeseed, Total, Bistrita-Nasaud, Year 2020, Hectares, 51
Rapeseed, Total, Bistrita-Nasaud, Year 2021, Hectares, 61
Rapeseed, Total, Bistrita-Nasaud, Year 2022, Hectares, 75
Rapeseed, Total, Bistrita-Nasaud, Year 2023, Hectares, 148
Rapeseed, Total, Bistrita-Nasaud, Year 2024, Hectares, 221
Rapeseed, Total, Botosani, Year 1990, Hectares, 305
Rapeseed, Total, Botosani, Year 1991, Hectares, 40
Rapeseed, Total, Botosani, Year 1992, Hectares, 447
Rapeseed, Total, Botosani, Year 1993, Hectares, 515
Rapeseed, Total, Botosani, Year 1995, Hectares, 50
Rapeseed, Total, Botosani, Year 1998, Hectares, 1034
Rapeseed, Total, Botosani, Year 1999, Hectares, 2086
Rapeseed, Total, Botosani, Year 2000, Hectares, 139
Rapeseed, Total, Botosani, Year 2001, Hectares, 199
Rapeseed, Total, Botosani, Year 2002, Hectares, 447
Rapeseed, Total, Botosani, Year 2004, Hectares, 308
Rapeseed, Total, Botosani, Year 2005, Hectares, 232
Rapeseed, Total, Botosani, Year 2006, Hectares, 167
Rapeseed, Total, Botosani, Year 2007, Hectares, 3503
Rapeseed, Total, Botosani, Year 2008, Hectares, 3862
Rapeseed, Total, Botosani, Year 2009, Hectares, 6494
Rapeseed, Total, Botosani, Year 2010, Hectares, 3596
Rapeseed, Total, Botosani, Year 2011, Hectares, 5918
Rapeseed, Total, Botosani, Year 2012, Hectares, 1504
Rapeseed, Total, Botosani, Year 2013, Hectares, 2748
Rapeseed, Total, Botosani, Year 2014, Hectares, 5723
Rapeseed, Total, Botosani, Year 2015, Hectares, 3725
Rapeseed, Total, Botosani, Year 2016, Hectares, 3789
Rapeseed, Total, Botosani, Year 2017, Hectares, 5084
Rapeseed, Total, Botosani, Year 2018, Hectares, 5724
Rapeseed, Total, Botosani, Year 2019, Hectares, 4999
Rapeseed, Total, Botosani, Year 2020, Hectares, 4567
Rapeseed, Total, Botosani, Year 2021, Hectares, 8306
Rapeseed, Total, Botosani, Year 2022, Hectares, 8788
Rapeseed, Total, Botosani, Year 2023, Hectares, 12474
Rapeseed, Total, Botosani, Year 2024, Hectares, 11716
Rapeseed, Total, Gorj, Year 1990, Hectares, 699
Rapeseed, Total, Gorj, Year 2006, Hectares, 10
Rapeseed, Total, Gorj, Year 2011, Hectares, 11
Rapeseed, Total, Gorj, Year 2014, Hectares, 10
Rapeseed, Total, Gorj, Year 2018, Hectares, 31
Rapeseed, Total, Gorj, Year 2023, Hectares, 0
Rapeseed, Total, Gorj, Year 2024, Hectares, 0
Rapeseed, Total, Calarasi, Year 1990, Hectares, 145
Rapeseed, Total, Calarasi, Year 1991, Hectares, 232
Rapeseed, Total, Calarasi, Year 1992, Hectares, 162
Rapeseed, Total, Calarasi, Year 1993, Hectares, 238
Rapeseed, Total, Calarasi, Year 1995, Hectares, 98
Rapeseed, Total, Calarasi, Year 1996, Hectares, 1032
Rapeseed, Total, Calarasi, Year 1997, Hectares, 2211
Rapeseed, Total, Calarasi, Year 1998, Hectares, 2842
Rapeseed, Total, Calarasi, Year 1999, Hectares, 10405
Rapeseed, Total, Calarasi, Year 2000, Hectares, 10116
Rapeseed, Total, Calarasi, Year 2001, Hectares, 14290
Rapeseed, Total, Calarasi, Year 2002, Hectares, 3229
Rapeseed, Total, Calarasi, Year 2003, Hectares, 1343
Rapeseed, Total, Calarasi, Year 2004, Hectares, 8285
Rapeseed, Total, Calarasi, Year 2005, Hectares, 15059
Rapeseed, Total, Calarasi, Year 2006, Hectares, 23765
Rapeseed, Total, Calarasi, Year 2007, Hectares, 51712
Rapeseed, Total, Calarasi, Year 2008, Hectares, 36948
Rapeseed, Total, Calarasi, Year 2009, Hectares, 42062
Rapeseed, Total, Calarasi, Year 2010, Hectares, 65744
Rapeseed, Total, Calarasi, Year 2011, Hectares, 35939
Rapeseed, Total, Calarasi, Year 2012, Hectares, 13074
Rapeseed, Total, Calarasi, Year 2013, Hectares, 46859
Rapeseed, Total, Calarasi, Year 2014, Hectares, 56962
Rapeseed, Total, Calarasi, Year 2015, Hectares, 47896
Rapeseed, Total, Calarasi, Year 2016, Hectares, 55077
Rapeseed, Total, Calarasi, Year 2017, Hectares, 68869
Rapeseed, Total, Calarasi, Year 2018, Hectares, 68126
Rapeseed, Total, Calarasi, Year 2019, Hectares, 39057
Rapeseed, Total, Calarasi, Year 2020, Hectares, 31453
Rapeseed, Total, Calarasi, Year 2021, Hectares, 45506
Rapeseed, Total, Calarasi, Year 2022, Hectares, 49176
Rapeseed, Total, Calarasi, Year 2023, Hectares, 56518
Rapeseed, Total, Calarasi, Year 2024, Hectares, 49604
Rapeseed, Total, Cluj, Year 1998, Hectares, 35
Rapeseed, Total, Cluj, Year 1999, Hectares, 220
Rapeseed, Total, Cluj, Year 2003, Hectares, 80
Rapeseed, Total, Cluj, Year 2004, Hectares, 169
Rapeseed, Total, Cluj, Year 2005, Hectares, 161
Rapeseed, Total, Cluj, Year 2006, Hectares, 40
Rapeseed, Total, Cluj, Year 2007, Hectares, 451
Rapeseed, Total, Cluj, Year 2008, Hectares, 539
Rapeseed, Total, Cluj, Year 2009, Hectares, 715
Rapeseed, Total, Cluj, Year 2010, Hectares, 353
Rapeseed, Total, Cluj, Year 2011, Hectares, 450
Rapeseed, Total, Cluj, Year 2012, Hectares, 664
Rapeseed, Total, Cluj, Year 2013, Hectares, 1058
Rapeseed, Total, Cluj, Year 2014, Hectares, 1675
Rapeseed, Total, Cluj, Year 2015, Hectares, 1621
Rapeseed, Total, Cluj, Year 2016, Hectares, 1772
Rapeseed, Total, Cluj, Year 2017, Hectares, 1071
Rapeseed, Total, Cluj, Year 2018, Hectares, 1397
Rapeseed, Total, Cluj, Year 2019, Hectares, 1248
Rapeseed, Total, Cluj, Year 2020, Hectares, 1173
Rapeseed, Total, Cluj, Year 2021, Hectares, 1559
Rapeseed, Total, Cluj, Year 2022, Hectares, 1851
Rapeseed, Total, Cluj, Year 2023, Hectares, 1874
Rapeseed, Total, Cluj, Year 2024, Hectares, 2015
Rapeseed, Total, Dambovita, Year 1991, Hectares, 24
Rapeseed, Total, Dambovita, Year 1998, Hectares, 340
Rapeseed, Total, Dambovita, Year 1999, Hectares, 1441
Rapeseed, Total, Dambovita, Year 2000, Hectares, 1331
Rapeseed, Total, Dambovita, Year 2001, Hectares, 1599
Rapeseed, Total, Dambovita, Year 2002, Hectares, 1663
Rapeseed, Total, Dambovita, Year 2003, Hectares, 439
Rapeseed, Total, Dambovita, Year 2004, Hectares, 387
Rapeseed, Total, Dambovita, Year 2005, Hectares, 471
Rapeseed, Total, Dambovita, Year 2006, Hectares, 497
Rapeseed, Total, Dambovita, Year 2007, Hectares, 1494
Rapeseed, Total, Dambovita, Year 2008, Hectares, 2250
Rapeseed, Total, Dambovita, Year 2009, Hectares, 2353
Rapeseed, Total, Dambovita, Year 2010, Hectares, 4627
Rapeseed, Total, Dambovita, Year 2011, Hectares, 2142
Rapeseed, Total, Dambovita, Year 2012, Hectares, 583
Rapeseed, Total, Dambovita, Year 2013, Hectares, 1646
Rapeseed, Total, Dambovita, Year 2014, Hectares, 3617
Rapeseed, Total, Dambovita, Year 2015, Hectares, 4518
Rapeseed, Total, Dambovita, Year 2016, Hectares, 4836
Rapeseed, Total, Dambovita, Year 2017, Hectares, 6622
Rapeseed, Total, Dambovita, Year 2018, Hectares, 7966
Rapeseed, Total, Dambovita, Year 2019, Hectares, 4871
Rapeseed, Total, Dambovita, Year 2020, Hectares, 2613
Rapeseed, Total, Dambovita, Year 2021, Hectares, 3002
Rapeseed, Total, Dambovita, Year 2022, Hectares, 4340
Rapeseed, Total, Dambovita, Year 2023, Hectares, 6068
Rapeseed, Total, Dambovita, Year 2024, Hectares, 3925
Rapeseed, Total, Iasi, Year 1996, Hectares, 44
Rapeseed, Total, Iasi, Year 1997, Hectares, 100
Rapeseed, Total, Iasi, Year 1998, Hectares, 436
Rapeseed, Total, Iasi, Year 1999, Hectares, 607
Rapeseed, Total, Iasi, Year 2000, Hectares, 813
Rapeseed, Total, Iasi, Year 2001, Hectares, 314
Rapeseed, Total, Iasi, Year 2002, Hectares, 549
Rapeseed, Total, Iasi, Year 2003, Hectares, 160
Rapeseed, Total, Iasi, Year 2004, Hectares, 416
Rapeseed, Total, Iasi, Year 2005, Hectares, 676
Rapeseed, Total, Iasi, Year 2006, Hectares, 697
Rapeseed, Total, Iasi, Year 2007, Hectares, 7440
Rapeseed, Total, Iasi, Year 2008, Hectares, 8759
Rapeseed, Total, Iasi, Year 2009, Hectares, 12165
Rapeseed, Total, Iasi, Year 2010, Hectares, 7882
Rapeseed, Total, Iasi, Year 2011, Hectares, 9146
Rapeseed, Total, Iasi, Year 2012, Hectares, 1865
Rapeseed, Total, Iasi, Year 2013, Hectares, 4899
Rapeseed, Total, Iasi, Year 2014, Hectares, 10282
Rapeseed, Total, Iasi, Year 2015, Hectares, 6064
Rapeseed, Total, Iasi, Year 2016, Hectares, 5920
Rapeseed, Total, Iasi, Year 2017, Hectares, 10137
Rapeseed, Total, Iasi, Year 2018, Hectares, 11921
Rapeseed, Total, Iasi, Year 2019, Hectares, 6082
Rapeseed, Total, Iasi, Year 2020, Hectares, 6344
Rapeseed, Total, Iasi, Year 2021, Hectares, 9176
Rapeseed, Total, Iasi, Year 2022, Hectares, 10065
Rapeseed, Total, Iasi, Year 2023, Hectares, 14506
Rapeseed, Total, Iasi, Year 2024, Hectares, 12309
Rapeseed, Total, Mehedinti, Year 1990, Hectares, 370
Rapeseed, Total, Mehedinti, Year 1991, Hectares, 250
Rapeseed, Total, Mehedinti, Year 1992, Hectares, 180
Rapeseed, Total, Mehedinti, Year 1993, Hectares, 170
Rapeseed, Total, Mehedinti, Year 1998, Hectares, 200
Rapeseed, Total, Mehedinti, Year 1999, Hectares, 60
Rapeseed, Total, Mehedinti, Year 2003, Hectares, 412
Rapeseed, Total, Mehedinti, Year 2004, Hectares, 11
Rapeseed, Total, Mehedinti, Year 2005, Hectares, 60
Rapeseed, Total, Mehedinti, Year 2006, Hectares, 110
Rapeseed, Total, Mehedinti, Year 2007, Hectares, 382
Rapeseed, Total, Mehedinti, Year 2008, Hectares, 1629
Rapeseed, Total, Mehedinti, Year 2009, Hectares, 1932
Rapeseed, Total, Mehedinti, Year 2010, Hectares, 3712
Rapeseed, Total, Mehedinti, Year 2011, Hectares, 2640
Rapeseed, Total, Mehedinti, Year 2012, Hectares, 546
Rapeseed, Total, Mehedinti, Year 2013, Hectares, 1477
Rapeseed, Total, Mehedinti, Year 2014, Hectares, 2165
Rapeseed, Total, Mehedinti, Year 2015, Hectares, 2627
Rapeseed, Total, Mehedinti, Year 2016, Hectares, 5893
Rapeseed, Total, Mehedinti, Year 2017, Hectares, 8430
Rapeseed, Total, Mehedinti, Year 2018, Hectares, 8718
Rapeseed, Total, Mehedinti, Year 2019, Hectares, 6750
Rapeseed, Total, Mehedinti, Year 2020, Hectares, 5712
Rapeseed, Total, Mehedinti, Year 2021, Hectares, 6447
Rapeseed, Total, Mehedinti, Year 2022, Hectares, 6382
Rapeseed, Total, Mehedinti, Year 2023, Hectares, 9532
Rapeseed, Total, Mehedinti, Year 2024, Hectares, 7587
Rapeseed, Total, Maramures, Year 2004, Hectares, 61
Rapeseed, Total, Maramures, Year 2006, Hectares, 4
Rapeseed, Total, Maramures, Year 2007, Hectares, 16
Rapeseed, Total, Maramures, Year 2008, Hectares, 38
Rapeseed, Total, Maramures, Year 2010, Hectares, 2
Rapeseed, Total, Maramures, Year 2011, Hectares, 3
Rapeseed, Total, Maramures, Year 2013, Hectares, 5
Rapeseed, Total, Maramures, Year 2016, Hectares, 1
Rapeseed, Total, Maramures, Year 2017, Hectares, 14
Rapeseed, Total, Maramures, Year 2018, Hectares, 13
Rapeseed, Total, Maramures, Year 2019, Hectares, 11
Rapeseed, Total, Maramures, Year 2023, Hectares, 90
Rapeseed, Total, Maramures, Year 2024, Hectares, 26
Rapeseed, Total, Neamt, Year 1998, Hectares, 103
Rapeseed, Total, Neamt, Year 1999, Hectares, 293
Rapeseed, Total, Neamt, Year 2000, Hectares, 413
Rapeseed, Total, Neamt, Year 2001, Hectares, 327
Rapeseed, Total, Neamt, Year 2002, Hectares, 891
Rapeseed, Total, Neamt, Year 2003, Hectares, 160
Rapeseed, Total, Neamt, Year 2004, Hectares, 379
Rapeseed, Total, Neamt, Year 2005, Hectares, 418
Rapeseed, Total, Neamt, Year 2006, Hectares, 1327
Rapeseed, Total, Neamt, Year 2007, Hectares, 3516
Rapeseed, Total, Neamt, Year 2008, Hectares, 5905
Rapeseed, Total, Neamt, Year 2009, Hectares, 9563
Rapeseed, Total, Neamt, Year 2010, Hectares, 4562
Rapeseed, Total, Neamt, Year 2011, Hectares, 6758
Rapeseed, Total, Neamt, Year 2012, Hectares, 2992
Rapeseed, Total, Neamt, Year 2013, Hectares, 6417
Rapeseed, Total, Neamt, Year 2014, Hectares, 8311
Rapeseed, Total, Neamt, Year 2015, Hectares, 4759
Rapeseed, Total, Neamt, Year 2016, Hectares, 6578
Rapeseed, Total, Neamt, Year 2017, Hectares, 8781
Rapeseed, Total, Neamt, Year 2018, Hectares, 9870
Rapeseed, Total, Neamt, Year 2019, Hectares, 5685
Rapeseed, Total, Neamt, Year 2020, Hectares, 6482
Rapeseed, Total, Neamt, Year 2021, Hectares, 6519
Rapeseed, Total, Neamt, Year 2022, Hectares, 7087
Rapeseed, Total, Neamt, Year 2023, Hectares, 8641
Rapeseed, Total, Neamt, Year 2024, Hectares, 7781
Rapeseed, Total, Olt, Year 1990, Hectares, 1061
Rapeseed, Total, Olt, Year 1991, Hectares, 476
Rapeseed, Total, Olt, Year 1992, Hectares, 130
Rapeseed, Total, Olt, Year 1993, Hectares, 42
Rapeseed, Total, Olt, Year 1994, Hectares, 225
Rapeseed, Total, Olt, Year 1996, Hectares, 177
Rapeseed, Total, Olt, Year 1997, Hectares, 980
Rapeseed, Total, Olt, Year 1998, Hectares, 1115
Rapeseed, Total, Olt, Year 1999, Hectares, 4956
Rapeseed, Total, Olt, Year 2000, Hectares, 2480
Rapeseed, Total, Olt, Year 2001, Hectares, 2910
Rapeseed, Total, Olt, Year 2002, Hectares, 3961
Rapeseed, Total, Olt, Year 2003, Hectares, 764
Rapeseed, Total, Olt, Year 2004, Hectares, 1545
Rapeseed, Total, Olt, Year 2005, Hectares, 1300
Rapeseed, Total, Olt, Year 2006, Hectares, 2264
Rapeseed, Total, Olt, Year 2007, Hectares, 11892
Rapeseed, Total, Olt, Year 2008, Hectares, 16559
Rapeseed, Total, Olt, Year 2009, Hectares, 19254
Rapeseed, Total, Olt, Year 2010, Hectares, 30613
Rapeseed, Total, Olt, Year 2011, Hectares, 14143
Rapeseed, Total, Olt, Year 2012, Hectares, 6709
Rapeseed, Total, Olt, Year 2013, Hectares, 8730
Rapeseed, Total, Olt, Year 2014, Hectares, 11072
Rapeseed, Total, Olt, Year 2015, Hectares, 15153
Rapeseed, Total, Olt, Year 2016, Hectares, 17325
Rapeseed, Total, Olt, Year 2017, Hectares, 21536
Rapeseed, Total, Olt, Year 2018, Hectares, 23835
Rapeseed, Total, Olt, Year 2019, Hectares, 10248
Rapeseed, Total, Olt, Year 2020, Hectares, 7511
Rapeseed, Total, Olt, Year 2021, Hectares, 16119
Rapeseed, Total, Olt, Year 2022, Hectares, 20188
Rapeseed, Total, Olt, Year 2023, Hectares, 32605
Rapeseed, Total, Olt, Year 2024, Hectares, 23731
Rapeseed, Total, Giurgiu, Year 1991, Hectares, 60
Rapeseed, Total, Giurgiu, Year 1995, Hectares, 12
Rapeseed, Total, Giurgiu, Year 1997, Hectares, 207
Rapeseed, Total, Giurgiu, Year 1998, Hectares, 680
Rapeseed, Total, Giurgiu, Year 1999, Hectares, 2511
Rapeseed, Total, Giurgiu, Year 2000, Hectares, 3430
Rapeseed, Total, Giurgiu, Year 2001, Hectares, 3235
Rapeseed, Total, Giurgiu, Year 2002, Hectares, 3660
Rapeseed, Total, Giurgiu, Year 2003, Hectares, 1350
Rapeseed, Total, Giurgiu, Year 2004, Hectares, 1524
Rapeseed, Total, Giurgiu, Year 2005, Hectares, 2405
Rapeseed, Total, Giurgiu, Year 2006, Hectares, 3958
Rapeseed, Total, Giurgiu, Year 2007, Hectares, 11036
Rapeseed, Total, Giurgiu, Year 2008, Hectares, 14925
Rapeseed, Total, Giurgiu, Year 2009, Hectares, 17808
Rapeseed, Total, Giurgiu, Year 2010, Hectares, 22787
Rapeseed, Total, Giurgiu, Year 2011, Hectares, 15932
Rapeseed, Total, Giurgiu, Year 2012, Hectares, 4583
Rapeseed, Total, Giurgiu, Year 2013, Hectares, 14731
Rapeseed, Total, Giurgiu, Year 2014, Hectares, 18418
Rapeseed, Total, Giurgiu, Year 2015, Hectares, 13868
Rapeseed, Total, Giurgiu, Year 2016, Hectares, 21490
Rapeseed, Total, Giurgiu, Year 2017, Hectares, 25372
Rapeseed, Total, Giurgiu, Year 2018, Hectares, 27079
Rapeseed, Total, Giurgiu, Year 2019, Hectares, 21963
Rapeseed, Total, Giurgiu, Year 2020, Hectares, 21904
Rapeseed, Total, Giurgiu, Year 2021, Hectares, 30099
Rapeseed, Total, Giurgiu, Year 2022, Hectares, 27859
Rapeseed, Total, Giurgiu, Year 2023, Hectares, 37926
Rapeseed, Total, Giurgiu, Year 2024, Hectares, 28148
Rapeseed, Total, Ialomita, Year 1991, Hectares, 300
Rapeseed, Total, Ialomita, Year 1992, Hectares, 407
Rapeseed, Total, Ialomita, Year 1995, Hectares, 4
Rapeseed, Total, Ialomita, Year 1996, Hectares, 45
Rapeseed, Total, Ialomita, Year 1997, Hectares, 809
Rapeseed, Total, Ialomita, Year 1998, Hectares, 3242
Rapeseed, Total, Ialomita, Year 1999, Hectares, 13895
Rapeseed, Total, Ialomita, Year 2000, Hectares, 10809
Rapeseed, Total, Ialomita, Year 2001, Hectares, 14048
Rapeseed, Total, Ialomita, Year 2002, Hectares, 8704
Rapeseed, Total, Ialomita, Year 2003, Hectares, 301
Rapeseed, Total, Ialomita, Year 2004, Hectares, 4153
Rapeseed, Total, Ialomita, Year 2005, Hectares, 10285
Rapeseed, Total, Ialomita, Year 2006, Hectares, 17806
Rapeseed, Total, Ialomita, Year 2007, Hectares, 71116
Rapeseed, Total, Ialomita, Year 2008, Hectares, 31986
Rapeseed, Total, Ialomita, Year 2009, Hectares, 44241
Rapeseed, Total, Ialomita, Year 2010, Hectares, 53904
Rapeseed, Total, Ialomita, Year 2011, Hectares, 28752
Rapeseed, Total, Ialomita, Year 2012, Hectares, 4039
Rapeseed, Total, Ialomita, Year 2013, Hectares, 38950
Rapeseed, Total, Ialomita, Year 2014, Hectares, 48925
Rapeseed, Total, Ialomita, Year 2015, Hectares, 49016
Rapeseed, Total, Ialomita, Year 2016, Hectares, 59073
Rapeseed, Total, Ialomita, Year 2017, Hectares, 63247
Rapeseed, Total, Ialomita, Year 2018, Hectares, 62757
Rapeseed, Total, Ialomita, Year 2019, Hectares, 22687
Rapeseed, Total, Ialomita, Year 2020, Hectares, 21193
Rapeseed, Total, Ialomita, Year 2021, Hectares, 33780
Rapeseed, Total, Ialomita, Year 2022, Hectares, 40046
Rapeseed, Total, Ialomita, Year 2023, Hectares, 45602
Rapeseed, Total, Ialomita, Year 2024, Hectares, 50982
Rapeseed, Total, Satu Mare, Year 1990, Hectares, 1538
Rapeseed, Total, Satu Mare, Year 1991, Hectares, 1626
Rapeseed, Total, Satu Mare, Year 1993, Hectares, 200
Rapeseed, Total, Satu Mare, Year 1998, Hectares, 778
Rapeseed, Total, Satu Mare, Year 1999, Hectares, 1357
Rapeseed, Total, Satu Mare, Year 2000, Hectares, 587
Rapeseed, Total, Satu Mare, Year 2001, Hectares, 791
Rapeseed, Total, Satu Mare, Year 2002, Hectares, 482
Rapeseed, Total, Satu Mare, Year 2003, Hectares, 527
Rapeseed, Total, Satu Mare, Year 2004, Hectares, 287
Rapeseed, Total, Satu Mare, Year 2005, Hectares, 197
Rapeseed, Total, Satu Mare, Year 2006, Hectares, 717
Rapeseed, Total, Satu Mare, Year 2007, Hectares, 3148
Rapeseed, Total, Satu Mare, Year 2008, Hectares, 1340
Rapeseed, Total, Satu Mare, Year 2009, Hectares, 2303
Rapeseed, Total, Satu Mare, Year 2010, Hectares, 1604
Rapeseed, Total, Satu Mare, Year 2011, Hectares, 2620
Rapeseed, Total, Satu Mare, Year 2012, Hectares, 1528
Rapeseed, Total, Satu Mare, Year 2013, Hectares, 1571
Rapeseed, Total, Satu Mare, Year 2014, Hectares, 3001
Rapeseed, Total, Satu Mare, Year 2015, Hectares, 3618
Rapeseed, Total, Satu Mare, Year 2016, Hectares, 5784
Rapeseed, Total, Satu Mare, Year 2017, Hectares, 14947
Rapeseed, Total, Satu Mare, Year 2018, Hectares, 16012
Rapeseed, Total, Satu Mare, Year 2019, Hectares, 16252
Rapeseed, Total, Satu Mare, Year 2020, Hectares, 14616
Rapeseed, Total, Satu Mare, Year 2021, Hectares, 20476
Rapeseed, Total, Satu Mare, Year 2022, Hectares, 18386
Rapeseed, Total, Satu Mare, Year 2023, Hectares, 22212
Rapeseed, Total, Satu Mare, Year 2024, Hectares, 20719
Rapeseed, Total, Suceava, Year 2003, Hectares, 95
Rapeseed, Total, Suceava, Year 2004, Hectares, 177
Rapeseed, Total, Suceava, Year 2005, Hectares, 227
Rapeseed, Total, Suceava, Year 2006, Hectares, 204
Rapeseed, Total, Suceava, Year 2007, Hectares, 264
Rapeseed, Total, Suceava, Year 2008, Hectares, 49
Rapeseed, Total, Suceava, Year 2009, Hectares, 572
Rapeseed, Total, Suceava, Year 2010, Hectares, 767
Rapeseed, Total, Suceava, Year 2011, Hectares, 672
Rapeseed, Total, Suceava, Year 2012, Hectares, 486
Rapeseed, Total, Suceava, Year 2013, Hectares, 1226
Rapeseed, Total, Suceava, Year 2014, Hectares, 1701
Rapeseed, Total, Suceava, Year 2015, Hectares, 1148
Rapeseed, Total, Suceava, Year 2016, Hectares, 1698
Rapeseed, Total, Suceava, Year 2017, Hectares, 1542
Rapeseed, Total, Suceava, Year 2018, Hectares, 3126
Rapeseed, Total, Suceava, Year 2019, Hectares, 2763
Rapeseed, Total, Suceava, Year 2020, Hectares, 2157
Rapeseed, Total, Suceava, Year 2021, Hectares, 2544
Rapeseed, Total, Suceava, Year 2022, Hectares, 2007
Rapeseed, Total, Suceava, Year 2023, Hectares, 2727
Rapeseed, Total, Suceava, Year 2024, Hectares, 3474
Rapeseed, Total, Valcea, Year 1991, Hectares, 43
Rapeseed, Total, Valcea, Year 1999, Hectares, 100
Rapeseed, Total, Valcea, Year 2000, Hectares, 15
Rapeseed, Total, Valcea, Year 2003, Hectares, 80
Rapeseed, Total, Valcea, Year 2007, Hectares, 31
Rapeseed, Total, Valcea, Year 2008, Hectares, 121
Rapeseed, Total, Valcea, Year 2010, Hectares, 155
Rapeseed, Total, Valcea, Year 2011, Hectares, 62
Rapeseed, Total, Valcea, Year 2014, Hectares, 50
Rapeseed, Total, Valcea, Year 2016, Hectares, 201
Rapeseed, Total, Valcea, Year 2017, Hectares, 751
Rapeseed, Total, Valcea, Year 2018, Hectares, 751
Rapeseed, Total, Valcea, Year 2019, Hectares, 751
Rapeseed, Total, Valcea, Year 2020, Hectares, 751
Rapeseed, Total, Valcea, Year 2021, Hectares, 148
Rapeseed, Total, Valcea, Year 2022, Hectares, 379
Rapeseed, Total, Valcea, Year 2023, Hectares, 806
Rapeseed, Total, Valcea, Year 2024, Hectares, 236
Rapeseed, Total, Prahova, Year 1998, Hectares, 314
Rapeseed, Total, Prahova, Year 1999, Hectares, 1434
Rapeseed, Total, Prahova, Year 2000, Hectares, 1040
Rapeseed, Total, Prahova, Year 2001, Hectares, 884
Rapeseed, Total, Prahova, Year 2002, Hectares, 1214
Rapeseed, Total, Prahova, Year 2003, Hectares, 711
Rapeseed, Total, Prahova, Year 2004, Hectares, 209
Rapeseed, Total, Prahova, Year 2005, Hectares, 900
Rapeseed, Total, Prahova, Year 2006, Hectares, 1676
Rapeseed, Total, Prahova, Year 2007, Hectares, 4697
Rapeseed, Total, Prahova, Year 2008, Hectares, 5054
Rapeseed, Total, Prahova, Year 2009, Hectares, 5918
Rapeseed, Total, Prahova, Year 2010, Hectares, 6355
Rapeseed, Total, Prahova, Year 2011, Hectares, 5706
Rapeseed, Total, Prahova, Year 2012, Hectares, 937
Rapeseed, Total, Prahova, Year 2013, Hectares, 4922
Rapeseed, Total, Prahova, Year 2014, Hectares, 9229
Rapeseed, Total, Prahova, Year 2015, Hectares, 9367
Rapeseed, Total, Prahova, Year 2016, Hectares, 8594
Rapeseed, Total, Prahova, Year 2017, Hectares, 13721
Rapeseed, Total, Prahova, Year 2018, Hectares, 16221
Rapeseed, Total, Prahova, Year 2019, Hectares, 7446
Rapeseed, Total, Prahova, Year 2020, Hectares, 8446
Rapeseed, Total, Prahova, Year 2021, Hectares, 12036
Rapeseed, Total, Prahova, Year 2022, Hectares, 12764
Rapeseed, Total, Prahova, Year 2023, Hectares, 14376
Rapeseed, Total, Prahova, Year 2024, Hectares, 11408
Rapeseed, Total, Salaj, Year 1999, Hectares, 56
Rapeseed, Total, Salaj, Year 2004, Hectares, 55
Rapeseed, Total, Salaj, Year 2006, Hectares, 8
Rapeseed, Total, Salaj, Year 2007, Hectares, 52
Rapeseed, Total, Salaj, Year 2008, Hectares, 305
Rapeseed, Total, Salaj, Year 2009, Hectares, 198
Rapeseed, Total, Salaj, Year 2010, Hectares, 8
Rapeseed, Total, Salaj, Year 2011, Hectares, 70
Rapeseed, Total, Salaj, Year 2012, Hectares, 20
Rapeseed, Total, Salaj, Year 2014, Hectares, 52
Rapeseed, Total, Salaj, Year 2015, Hectares, 180
Rapeseed, Total, Salaj, Year 2016, Hectares, 484
Rapeseed, Total, Salaj, Year 2017, Hectares, 244
Rapeseed, Total, Salaj, Year 2018, Hectares, 367
Rapeseed, Total, Salaj, Year 2019, Hectares, 201
Rapeseed, Total, Salaj, Year 2020, Hectares, 1134
Rapeseed, Total, Salaj, Year 2021, Hectares, 1164
Rapeseed, Total, Salaj, Year 2022, Hectares, 1702
Rapeseed, Total, Salaj, Year 2023, Hectares, 1237
Rapeseed, Total, Salaj, Year 2024, Hectares, 1027
Rapeseed, Total, Vaslui, Year 1998, Hectares, 39
Rapeseed, Total, Vaslui, Year 1999, Hectares, 2897
Rapeseed, Total, Vaslui, Year 2000, Hectares, 2491
Rapeseed, Total, Vaslui, Year 2001, Hectares, 2708
Rapeseed, Total, Vaslui, Year 2002, Hectares, 4937
Rapeseed, Total, Vaslui, Year 2003, Hectares, 200
Rapeseed, Total, Vaslui, Year 2004, Hectares, 6196
Rapeseed, Total, Vaslui, Year 2005, Hectares, 6759
Rapeseed, Total, Vaslui, Year 2006, Hectares, 6480
Rapeseed, Total, Vaslui, Year 2007, Hectares, 13418
Rapeseed, Total, Vaslui, Year 2008, Hectares, 15610
Rapeseed, Total, Vaslui, Year 2009, Hectares, 17562
Rapeseed, Total, Vaslui, Year 2010, Hectares, 6074
Rapeseed, Total, Vaslui, Year 2011, Hectares, 9047
Rapeseed, Total, Vaslui, Year 2012, Hectares, 2390
Rapeseed, Total, Vaslui, Year 2013, Hectares, 6725
Rapeseed, Total, Vaslui, Year 2014, Hectares, 11196
Rapeseed, Total, Vaslui, Year 2015, Hectares, 2812
Rapeseed, Total, Vaslui, Year 2016, Hectares, 8541
Rapeseed, Total, Vaslui, Year 2017, Hectares, 13850
Rapeseed, Total, Vaslui, Year 2018, Hectares, 15382
Rapeseed, Total, Vaslui, Year 2019, Hectares, 11856
Rapeseed, Total, Vaslui, Year 2020, Hectares, 10898
Rapeseed, Total, Vaslui, Year 2021, Hectares, 10822
Rapeseed, Total, Vaslui, Year 2022, Hectares, 8064
Rapeseed, Total, Vaslui, Year 2023, Hectares, 17389
Rapeseed, Total, Vaslui, Year 2024, Hectares, 14218
Rapeseed, Total, Arad, Year 1990, Hectares, 1554
Rapeseed, Total, Arad, Year 1991, Hectares, 345
Rapeseed, Total, Arad, Year 1992, Hectares, 107
Rapeseed, Total, Arad, Year 1994, Hectares, 45
Rapeseed, Total, Arad, Year 1998, Hectares, 1014
Rapeseed, Total, Arad, Year 1999, Hectares, 111
Rapeseed, Total, Arad, Year 2000, Hectares, 98
Rapeseed, Total, Arad, Year 2003, Hectares, 15
Rapeseed, Total, Arad, Year 2004, Hectares, 398
Rapeseed, Total, Arad, Year 2005, Hectares, 91
Rapeseed, Total, Arad, Year 2006, Hectares, 755
Rapeseed, Total, Arad, Year 2007, Hectares, 2059
Rapeseed, Total, Arad, Year 2008, Hectares, 2802
Rapeseed, Total, Arad, Year 2009, Hectares, 3015
Rapeseed, Total, Arad, Year 2010, Hectares, 7063
Rapeseed, Total, Arad, Year 2011, Hectares, 9383
Rapeseed, Total, Arad, Year 2012, Hectares, 1014
Rapeseed, Total, Arad, Year 2013, Hectares, 9957
Rapeseed, Total, Arad, Year 2014, Hectares, 14685
Rapeseed, Total, Arad, Year 2015, Hectares, 12795
Rapeseed, Total, Arad, Year 2016, Hectares, 25241
Rapeseed, Total, Arad, Year 2017, Hectares, 24705
Rapeseed, Total, Arad, Year 2018, Hectares, 27057
Rapeseed, Total, Arad, Year 2019, Hectares, 24943
Rapeseed, Total, Arad, Year 2020, Hectares, 34334
Rapeseed, Total, Arad, Year 2021, Hectares, 23212
Rapeseed, Total, Arad, Year 2022, Hectares, 16184
Rapeseed, Total, Arad, Year 2023, Hectares, 31009
Rapeseed, Total, Arad, Year 2024, Hectares, 33952
Rapeseed, Total, Teleorman, Year 1990, Hectares, 820
Rapeseed, Total, Teleorman, Year 1991, Hectares, 100
Rapeseed, Total, Teleorman, Year 1997, Hectares, 666
Rapeseed, Total, Teleorman, Year 1998, Hectares, 1766
Rapeseed, Total, Teleorman, Year 1999, Hectares, 6695
Rapeseed, Total, Teleorman, Year 2000, Hectares, 2887
Rapeseed, Total, Teleorman, Year 2001, Hectares, 3694
Rapeseed, Total, Teleorman, Year 2002, Hectares, 3201
Rapeseed, Total, Teleorman, Year 2003, Hectares, 729
Rapeseed, Total, Teleorman, Year 2004, Hectares, 1900
Rapeseed, Total, Teleorman, Year 2005, Hectares, 1877
Rapeseed, Total, Teleorman, Year 2006, Hectares, 4558
Rapeseed, Total, Teleorman, Year 2007, Hectares, 15228
Rapeseed, Total, Teleorman, Year 2008, Hectares, 24020
Rapeseed, Total, Teleorman, Year 2009, Hectares, 30380
Rapeseed, Total, Teleorman, Year 2010, Hectares, 35885
Rapeseed, Total, Teleorman, Year 2011, Hectares, 48360
Rapeseed, Total, Teleorman, Year 2012, Hectares, 14931
Rapeseed, Total, Teleorman, Year 2013, Hectares, 23758
Rapeseed, Total, Teleorman, Year 2014, Hectares, 30758
Rapeseed, Total, Teleorman, Year 2015, Hectares, 26535
Rapeseed, Total, Teleorman, Year 2016, Hectares, 32895
Rapeseed, Total, Teleorman, Year 2017, Hectares, 57159
Rapeseed, Total, Teleorman, Year 2018, Hectares, 59166
Rapeseed, Total, Teleorman, Year 2019, Hectares, 27599
Rapeseed, Total, Teleorman, Year 2020, Hectares, 19112
Rapeseed, Total, Teleorman, Year 2021, Hectares, 29164
Rapeseed, Total, Teleorman, Year 2022, Hectares, 41792
Rapeseed, Total, Teleorman, Year 2023, Hectares, 57449
Rapeseed, Total, Teleorman, Year 2024, Hectares, 41117
Rapeseed, Total, Alba, Year 1990, Hectares, 40
Rapeseed, Total, Alba, Year 2001, Hectares, 36
Rapeseed, Total, Alba, Year 2002, Hectares, 33
Rapeseed, Total, Alba, Year 2003, Hectares, 70
Rapeseed, Total, Alba, Year 2004, Hectares, 20
Rapeseed, Total, Alba, Year 2005, Hectares, 158
Rapeseed, Total, Alba, Year 2006, Hectares, 65
Rapeseed, Total, Alba, Year 2007, Hectares, 893
Rapeseed, Total, Alba, Year 2008, Hectares, 828
Rapeseed, Total, Alba, Year 2009, Hectares, 1850
Rapeseed, Total, Alba, Year 2010, Hectares, 1560
Rapeseed, Total, Alba, Year 2011, Hectares, 1111
Rapeseed, Total, Alba, Year 2012, Hectares, 454
Rapeseed, Total, Alba, Year 2013, Hectares, 1242
Rapeseed, Total, Alba, Year 2014, Hectares, 2210
Rapeseed, Total, Alba, Year 2015, Hectares, 1272
Rapeseed, Total, Alba, Year 2016, Hectares, 1281
Rapeseed, Total, Alba, Year 2017, Hectares, 1290
Rapeseed, Total, Alba, Year 2018, Hectares, 2565
Rapeseed, Total, Alba, Year 2019, Hectares, 883
Rapeseed, Total, Alba, Year 2020, Hectares, 1373
Rapeseed, Total, Alba, Year 2021, Hectares, 2407
Rapeseed, Total, Alba, Year 2022, Hectares, 2434
Rapeseed, Total, Alba, Year 2023, Hectares, 2808
Rapeseed, Total, Alba, Year 2024, Hectares, 2977
Rapeseed, Total, Braila, Year 1990, Hectares, 1661
Rapeseed, Total, Braila, Year 1991, Hectares, 1905
Rapeseed, Total, Braila, Year 1992, Hectares, 55
Rapeseed, Total, Braila, Year 1996, Hectares, 64
Rapeseed, Total, Braila, Year 1997, Hectares, 283
Rapeseed, Total, Braila, Year 1998, Hectares, 1886
Rapeseed, Total, Braila, Year 1999, Hectares, 9757
Rapeseed, Total, Braila, Year 2000, Hectares, 10589
Rapeseed, Total, Braila, Year 2001, Hectares, 8659
Rapeseed, Total, Braila, Year 2002, Hectares, 10652
Rapeseed, Total, Braila, Year 2003, Hectares, 24
Rapeseed, Total, Braila, Year 2004, Hectares, 3818
Rapeseed, Total, Braila, Year 2005, Hectares, 6634
Rapeseed, Total, Braila, Year 2006, Hectares, 11862
Rapeseed, Total, Braila, Year 2007, Hectares, 32135
Rapeseed, Total, Braila, Year 2008, Hectares, 29617
Rapeseed, Total, Braila, Year 2009, Hectares, 28521
Rapeseed, Total, Braila, Year 2010, Hectares, 30911
Rapeseed, Total, Braila, Year 2011, Hectares, 33669
Rapeseed, Total, Braila, Year 2012, Hectares, 8977
Rapeseed, Total, Braila, Year 2013, Hectares, 23933
Rapeseed, Total, Braila, Year 2014, Hectares, 26700
Rapeseed, Total, Braila, Year 2015, Hectares, 23487
Rapeseed, Total, Braila, Year 2016, Hectares, 18900
Rapeseed, Total, Braila, Year 2017, Hectares, 26304
Rapeseed, Total, Braila, Year 2018, Hectares, 25203
Rapeseed, Total, Braila, Year 2019, Hectares, 6481
Rapeseed, Total, Braila, Year 2020, Hectares, 6345
Rapeseed, Total, Braila, Year 2021, Hectares, 5743
Rapeseed, Total, Braila, Year 2022, Hectares, 6216
Rapeseed, Total, Braila, Year 2023, Hectares, 13892
Rapeseed, Total, Braila, Year 2024, Hectares, 12414
Rapeseed, Total, Caras-Severin, Year 1990, Hectares, 218
Rapeseed, Total, Caras-Severin, Year 1991, Hectares, 335
Rapeseed, Total, Caras-Severin, Year 1992, Hectares, 85
Rapeseed, Total, Caras-Severin, Year 2004, Hectares, 77
Rapeseed, Total, Caras-Severin, Year 2005, Hectares, 50
Rapeseed, Total, Caras-Severin, Year 2007, Hectares, 4
Rapeseed, Total, Caras-Severin, Year 2009, Hectares, 134
Rapeseed, Total, Caras-Severin, Year 2010, Hectares, 215
Rapeseed, Total, Caras-Severin, Year 2012, Hectares, 71
Rapeseed, Total, Caras-Severin, Year 2013, Hectares, 392
Rapeseed, Total, Caras-Severin, Year 2014, Hectares, 902
Rapeseed, Total, Caras-Severin, Year 2015, Hectares, 2417
Rapeseed, Total, Caras-Severin, Year 2016, Hectares, 3643
Rapeseed, Total, Caras-Severin, Year 2017, Hectares, 4242
Rapeseed, Total, Caras-Severin, Year 2018, Hectares, 6669
Rapeseed, Total, Caras-Severin, Year 2019, Hectares, 2116
Rapeseed, Total, Caras-Severin, Year 2020, Hectares, 4205
Rapeseed, Total, Caras-Severin, Year 2021, Hectares, 3856
Rapeseed, Total, Caras-Severin, Year 2022, Hectares, 4594
Rapeseed, Total, Caras-Severin, Year 2023, Hectares, 3427
Rapeseed, Total, Caras-Severin, Year 2024, Hectares, 4270
Rapeseed, Total, Brasov, Year 1999, Hectares, 11
Rapeseed, Total, Brasov, Year 2006, Hectares, 10
Rapeseed, Total, Brasov, Year 2007, Hectares, 187
Rapeseed, Total, Brasov, Year 2008, Hectares, 38
Rapeseed, Total, Brasov, Year 2009, Hectares, 139
Rapeseed, Total, Brasov, Year 2010, Hectares, 498
Rapeseed, Total, Brasov, Year 2011, Hectares, 817
Rapeseed, Total, Brasov, Year 2012, Hectares, 725
Rapeseed, Total, Brasov, Year 2013, Hectares, 940
Rapeseed, Total, Brasov, Year 2014, Hectares, 1048
Rapeseed, Total, Brasov, Year 2015, Hectares, 1148
Rapeseed, Total, Brasov, Year 2016, Hectares, 1723
Rapeseed, Total, Brasov, Year 2017, Hectares, 2049
Rapeseed, Total, Brasov, Year 2018, Hectares, 2223
Rapeseed, Total, Brasov, Year 2019, Hectares, 1988
Rapeseed, Total, Brasov, Year 2020, Hectares, 1342
Rapeseed, Total, Brasov, Year 2021, Hectares, 3018
Rapeseed, Total, Brasov, Year 2022, Hectares, 2406
Rapeseed, Total, Brasov, Year 2023, Hectares, 2681
Rapeseed, Total, Brasov, Year 2024, Hectares, 2760
Rapeseed, Total, Buzau, Year 1998, Hectares, 316
Rapeseed, Total, Buzau, Year 1999, Hectares, 434
Rapeseed, Total, Buzau, Year 2000, Hectares, 429
Rapeseed, Total, Buzau, Year 2001, Hectares, 1417
Rapeseed, Total, Buzau, Year 2002, Hectares, 2022
Rapeseed, Total, Buzau, Year 2004, Hectares, 151
Rapeseed, Total, Buzau, Year 2005, Hectares, 917
Rapeseed, Total, Buzau, Year 2006, Hectares, 1982
Rapeseed, Total, Buzau, Year 2007, Hectares, 13189
Rapeseed, Total, Buzau, Year 2008, Hectares, 10043
Rapeseed, Total, Buzau, Year 2009, Hectares, 17113
Rapeseed, Total, Buzau, Year 2010, Hectares, 19823
Rapeseed, Total, Buzau, Year 2011, Hectares, 5607
Rapeseed, Total, Buzau, Year 2012, Hectares, 2335
Rapeseed, Total, Buzau, Year 2013, Hectares, 17934
Rapeseed, Total, Buzau, Year 2014, Hectares, 22127
Rapeseed, Total, Buzau, Year 2015, Hectares, 24848
Rapeseed, Total, Buzau, Year 2016, Hectares, 21380
Rapeseed, Total, Buzau, Year 2017, Hectares, 32389
Rapeseed, Total, Buzau, Year 2018, Hectares, 33431
Rapeseed, Total, Buzau, Year 2019, Hectares, 12074
Rapeseed, Total, Buzau, Year 2020, Hectares, 13893
Rapeseed, Total, Buzau, Year 2021, Hectares, 16583
Rapeseed, Total, Buzau, Year 2022, Hectares, 16130
Rapeseed, Total, Buzau, Year 2023, Hectares, 22678
Rapeseed, Total, Buzau, Year 2024, Hectares, 17634
Rapeseed, Total, Hunedoara, Year 1999, Hectares, 5
Rapeseed, Total, Hunedoara, Year 2002, Hectares, 130
Rapeseed, Total, Hunedoara, Year 2006, Hectares, 95
Rapeseed, Total, Hunedoara, Year 2007, Hectares, 796
Rapeseed, Total, Hunedoara, Year 2008, Hectares, 399
Rapeseed, Total, Hunedoara, Year 2009, Hectares, 242
Rapeseed, Total, Hunedoara, Year 2010, Hectares, 83
Rapeseed, Total, Hunedoara, Year 2011, Hectares, 203
Rapeseed, Total, Hunedoara, Year 2012, Hectares, 2
Rapeseed, Total, Hunedoara, Year 2013, Hectares, 129
Rapeseed, Total, Hunedoara, Year 2014, Hectares, 414
Rapeseed, Total, Hunedoara, Year 2015, Hectares, 224
Rapeseed, Total, Hunedoara, Year 2016, Hectares, 140
Rapeseed, Total, Hunedoara, Year 2017, Hectares, 235
Rapeseed, Total, Hunedoara, Year 2018, Hectares, 290
Rapeseed, Total, Hunedoara, Year 2019, Hectares, 183
Rapeseed, Total, Hunedoara, Year 2020, Hectares, 340
Rapeseed, Total, Hunedoara, Year 2021, Hectares, 616
Rapeseed, Total, Hunedoara, Year 2022, Hectares, 648
Rapeseed, Total, Hunedoara, Year 2023, Hectares, 915
Rapeseed, Total, Hunedoara, Year 2024, Hectares, 996
Rapeseed, Total, Ilfov, Year 2000, Hectares, 1008
Rapeseed, Total, Ilfov, Year 2001, Hectares, 1449
Rapeseed, Total, Ilfov, Year 2002, Hectares, 881
Rapeseed, Total, Ilfov, Year 2003, Hectares, 333
Rapeseed, Total, Ilfov, Year 2004, Hectares, 2141
Rapeseed, Total, Ilfov, Year 2005, Hectares, 1549
Rapeseed, Total, Ilfov, Year 2006, Hectares, 1280
Rapeseed, Total, Ilfov, Year 2007, Hectares, 4246
Rapeseed, Total, Ilfov, Year 2008, Hectares, 3441
Rapeseed, Total, Ilfov, Year 2009, Hectares, 2965
Rapeseed, Total, Ilfov, Year 2010, Hectares, 5751
Rapeseed, Total, Ilfov, Year 2011, Hectares, 3945
Rapeseed, Total, Ilfov, Year 2012, Hectares, 2388
Rapeseed, Total, Ilfov, Year 2013, Hectares, 4749
Rapeseed, Total, Ilfov, Year 2014, Hectares, 7634
Rapeseed, Total, Ilfov, Year 2015, Hectares, 7388
Rapeseed, Total, Ilfov, Year 2016, Hectares, 8022
Rapeseed, Total, Ilfov, Year 2017, Hectares, 10181
Rapeseed, Total, Ilfov, Year 2018, Hectares, 11890
Rapeseed, Total, Ilfov, Year 2019, Hectares, 7529
Rapeseed, Total, Ilfov, Year 2020, Hectares, 7718
Rapeseed, Total, Ilfov, Year 2021, Hectares, 10524
Rapeseed, Total, Ilfov, Year 2022, Hectares, 10362
Rapeseed, Total, Ilfov, Year 2023, Hectares, 10095
Rapeseed, Total, Ilfov, Year 2024, Hectares, 8093
Rapeseed, Total, Constanta, Year 1990, Hectares, 947
Rapeseed, Total, Constanta, Year 1991, Hectares, 1396
Rapeseed, Total, Constanta, Year 1992, Hectares, 100
Rapeseed, Total, Constanta, Year 1993, Hectares, 189
Rapeseed, Total, Constanta, Year 1995, Hectares, 75
Rapeseed, Total, Constanta, Year 1996, Hectares, 317
Rapeseed, Total, Constanta, Year 1997, Hectares, 1239
Rapeseed, Total, Constanta, Year 1998, Hectares, 4988
Rapeseed, Total, Constanta, Year 1999, Hectares, 16579
Rapeseed, Total, Constanta, Year 2000, Hectares, 12688
Rapeseed, Total, Constanta, Year 2001, Hectares, 17652
Rapeseed, Total, Constanta, Year 2002, Hectares, 9775
Rapeseed, Total, Constanta, Year 2003, Hectares, 1946
Rapeseed, Total, Constanta, Year 2004, Hectares, 6792
Rapeseed, Total, Constanta, Year 2005, Hectares, 20438
Rapeseed, Total, Constanta, Year 2006, Hectares, 8281
Rapeseed, Total, Constanta, Year 2007, Hectares, 41459
Rapeseed, Total, Constanta, Year 2008, Hectares, 64058
Rapeseed, Total, Constanta, Year 2009, Hectares, 51449
Rapeseed, Total, Constanta, Year 2010, Hectares, 80168
Rapeseed, Total, Constanta, Year 2011, Hectares, 31556
Rapeseed, Total, Constanta, Year 2012, Hectares, 7636
Rapeseed, Total, Constanta, Year 2013, Hectares, 6983
Rapeseed, Total, Constanta, Year 2014, Hectares, 32655
Rapeseed, Total, Constanta, Year 2015, Hectares, 38094
Rapeseed, Total, Constanta, Year 2016, Hectares, 44509
Rapeseed, Total, Constanta, Year 2017, Hectares, 44267
Rapeseed, Total, Constanta, Year 2018, Hectares, 44781
Rapeseed, Total, Constanta, Year 2019, Hectares, 25205
Rapeseed, Total, Constanta, Year 2020, Hectares, 35213
Rapeseed, Total, Constanta, Year 2021, Hectares, 34223
Rapeseed, Total, Constanta, Year 2022, Hectares, 37309
Rapeseed, Total, Constanta, Year 2023, Hectares, 52652
Rapeseed, Total, Constanta, Year 2024, Hectares, 11655
Rapeseed, Total, Covasna, Year 2002, Hectares, 3
Rapeseed, Total, Covasna, Year 2006, Hectares, 69
Rapeseed, Total, Covasna, Year 2007, Hectares, 97
Rapeseed, Total, Covasna, Year 2008, Hectares, 107
Rapeseed, Total, Covasna, Year 2009, Hectares, 41
Rapeseed, Total, Covasna, Year 2010, Hectares, 294
Rapeseed, Total, Covasna, Year 2011, Hectares, 1142
Rapeseed, Total, Covasna, Year 2012, Hectares, 145
Rapeseed, Total, Covasna, Year 2013, Hectares, 1282
Rapeseed, Total, Covasna, Year 2014, Hectares, 1701
Rapeseed, Total, Covasna, Year 2015, Hectares, 1529
Rapeseed, Total, Covasna, Year 2016, Hectares, 2282
Rapeseed, Total, Covasna, Year 2017, Hectares, 2227
Rapeseed, Total, Covasna, Year 2018, Hectares, 2211
Rapeseed, Total, Covasna, Year 2019, Hectares, 2136
Rapeseed, Total, Covasna, Year 2020, Hectares, 2309
Rapeseed, Total, Covasna, Year 2021, Hectares, 2599
Rapeseed, Total, Covasna, Year 2022, Hectares, 2565
Rapeseed, Total, Covasna, Year 2023, Hectares, 2248
Rapeseed, Total, Covasna, Year 2024, Hectares, 2432
Rapeseed, Total, Timis, Year 1990, Hectares, 1667
Rapeseed, Total, Timis, Year 1991, Hectares, 440
Rapeseed, Total, Timis, Year 1995, Hectares, 4
Rapeseed, Total, Timis, Year 1997, Hectares, 10
Rapeseed, Total, Timis, Year 1998, Hectares, 1783
Rapeseed, Total, Timis, Year 1999, Hectares, 262
Rapeseed, Total, Timis, Year 2000, Hectares, 898
Rapeseed, Total, Timis, Year 2001, Hectares, 157
Rapeseed, Total, Timis, Year 2002, Hectares, 447
Rapeseed, Total, Timis, Year 2003, Hectares, 722
Rapeseed, Total, Timis, Year 2004, Hectares, 839
Rapeseed, Total, Timis, Year 2005, Hectares, 439
Rapeseed, Total, Timis, Year 2006, Hectares, 639
Rapeseed, Total, Timis, Year 2007, Hectares, 4867
Rapeseed, Total, Timis, Year 2008, Hectares, 6265
Rapeseed, Total, Timis, Year 2009, Hectares, 8577
Rapeseed, Total, Timis, Year 2010, Hectares, 11143
Rapeseed, Total, Timis, Year 2011, Hectares, 16027
Rapeseed, Total, Timis, Year 2012, Hectares, 2100
Rapeseed, Total, Timis, Year 2013, Hectares, 6308
Rapeseed, Total, Timis, Year 2014, Hectares, 9472
Rapeseed, Total, Timis, Year 2015, Hectares, 10051
Rapeseed, Total, Timis, Year 2016, Hectares, 8887
Rapeseed, Total, Timis, Year 2017, Hectares, 25213
Rapeseed, Total, Timis, Year 2018, Hectares, 27339
Rapeseed, Total, Timis, Year 2019, Hectares, 16312
Rapeseed, Total, Timis, Year 2020, Hectares, 24784
Rapeseed, Total, Timis, Year 2021, Hectares, 33525
Rapeseed, Total, Timis, Year 2022, Hectares, 38708
Rapeseed, Total, Timis, Year 2023, Hectares, 42617
Rapeseed, Total, Timis, Year 2024, Hectares, 40191
Rapeseed, Total, Bucharest Municipality, Year 2002, Hectares, 30
Rapeseed, Total, Bucharest Municipality, Year 2003, Hectares, 28
Rapeseed, Total, Bucharest Municipality, Year 2004, Hectares, 60
Rapeseed, Total, Bucharest Municipality, Year 2005, Hectares, 50
Rapeseed, Total, Bucharest Municipality, Year 2009, Hectares, 1
Rapeseed, Total, Bucharest Municipality, Year 2010, Hectares, 2
Rapeseed, Total, Bucharest Municipality, Year 2021, Hectares, 3
Rapeseed, Total, Bucharest Municipality, Year 2023, Hectares, 0
Rapeseed, Total, Bucharest Municipality, Year 2024, Hectares, 0
Rapeseed, Total, Galati, Year 1998, Hectares, 923
Rapeseed, Total, Galati, Year 1999, Hectares, 1664
Rapeseed, Total, Galati, Year 2000, Hectares, 1112
Rapeseed, Total, Galati, Year 2001, Hectares, 1113
Rapeseed, Total, Galati, Year 2002, Hectares, 4005
Rapeseed, Total, Galati, Year 2003, Hectares, 230
Rapeseed, Total, Galati, Year 2004, Hectares, 1860
Rapeseed, Total, Galati, Year 2005, Hectares, 3688
Rapeseed, Total, Galati, Year 2006, Hectares, 5774
Rapeseed, Total, Galati, Year 2007, Hectares, 20151
Rapeseed, Total, Galati, Year 2008, Hectares, 15620
Rapeseed, Total, Galati, Year 2009, Hectares, 21952
Rapeseed, Total, Galati, Year 2010, Hectares, 29493
Rapeseed, Total, Galati, Year 2011, Hectares, 22513
Rapeseed, Total, Galati, Year 2012, Hectares, 1108
Rapeseed, Total, Galati, Year 2013, Hectares, 6569
Rapeseed, Total, Galati, Year 2014, Hectares, 16167
Rapeseed, Total, Galati, Year 2015, Hectares, 4859
Rapeseed, Total, Galati, Year 2016, Hectares, 16423
Rapeseed, Total, Galati, Year 2017, Hectares, 20970
Rapeseed, Total, Galati, Year 2018, Hectares, 23127
Rapeseed, Total, Galati, Year 2019, Hectares, 9974
Rapeseed, Total, Galati, Year 2020, Hectares, 10120
Rapeseed, Total, Galati, Year 2021, Hectares, 11297
Rapeseed, Total, Galati, Year 2022, Hectares, 6717
Rapeseed, Total, Galati, Year 2023, Hectares, 17853
Rapeseed, Total, Galati, Year 2024, Hectares, 11665
Rapeseed, Total, Harghita, Year 2006, Hectares, 12
Rapeseed, Total, Harghita, Year 2007, Hectares, 66
Rapeseed, Total, Harghita, Year 2011, Hectares, 5
Rapeseed, Total, Harghita, Year 2014, Hectares, 4
Rapeseed, Total, Harghita, Year 2015, Hectares, 12
Rapeseed, Total, Harghita, Year 2016, Hectares, 4
Rapeseed, Total, Harghita, Year 2017, Hectares, 11
Rapeseed, Total, Harghita, Year 2018, Hectares, 19
Rapeseed, Total, Harghita, Year 2019, Hectares, 38
Rapeseed, Total, Harghita, Year 2020, Hectares, 41
Rapeseed, Total, Harghita, Year 2023, Hectares, 2
Rapeseed, Total, Harghita, Year 2024, Hectares, 0
Rapeseed, Total, Mures, Year 1992, Hectares, 1
Rapeseed, Total, Mures, Year 1993, Hectares, 4
Rapeseed, Total, Mures, Year 1996, Hectares, 24
Rapeseed, Total, Mures, Year 1998, Hectares, 10
Rapeseed, Total, Mures, Year 1999, Hectares, 47
Rapeseed, Total, Mures, Year 2000, Hectares, 33
Rapeseed, Total, Mures, Year 2005, Hectares, 20
Rapeseed, Total, Mures, Year 2006, Hectares, 4
Rapeseed, Total, Mures, Year 2007, Hectares, 303
Rapeseed, Total, Mures, Year 2008, Hectares, 50
Rapeseed, Total, Mures, Year 2009, Hectares, 393
Rapeseed, Total, Mures, Year 2010, Hectares, 850
Rapeseed, Total, Mures, Year 2011, Hectares, 1094
Rapeseed, Total, Mures, Year 2012, Hectares, 382
Rapeseed, Total, Mures, Year 2013, Hectares, 1353
Rapeseed, Total, Mures, Year 2014, Hectares, 2772
Rapeseed, Total, Mures, Year 2015, Hectares, 2763
Rapeseed, Total, Mures, Year 2016, Hectares, 3760
Rapeseed, Total, Mures, Year 2017, Hectares, 3464
Rapeseed, Total, Mures, Year 2018, Hectares, 3636
Rapeseed, Total, Mures, Year 2019, Hectares, 3756
Rapeseed, Total, Mures, Year 2020, Hectares, 3456
Rapeseed, Total, Mures, Year 2021, Hectares, 4623
Rapeseed, Total, Mures, Year 2022, Hectares, 3714
Rapeseed, Total, Mures, Year 2023, Hectares, 5210
Rapeseed, Total, Mures, Year 2024, Hectares, 6574
Rapeseed, Total, Tulcea, Year 1998, Hectares, 1110
Rapeseed, Total, Tulcea, Year 1999, Hectares, 2900
Rapeseed, Total, Tulcea, Year 2000, Hectares, 3370
Rapeseed, Total, Tulcea, Year 2001, Hectares, 3254
Rapeseed, Total, Tulcea, Year 2002, Hectares, 4970
Rapeseed, Total, Tulcea, Year 2003, Hectares, 645
Rapeseed, Total, Tulcea, Year 2004, Hectares, 2095
Rapeseed, Total, Tulcea, Year 2005, Hectares, 5951
Rapeseed, Total, Tulcea, Year 2006, Hectares, 6283
Rapeseed, Total, Tulcea, Year 2007, Hectares, 17854
Rapeseed, Total, Tulcea, Year 2008, Hectares, 32795
Rapeseed, Total, Tulcea, Year 2009, Hectares, 38254
Rapeseed, Total, Tulcea, Year 2010, Hectares, 51447
Rapeseed, Total, Tulcea, Year 2011, Hectares, 37267
Rapeseed, Total, Tulcea, Year 2012, Hectares, 6510
Rapeseed, Total, Tulcea, Year 2013, Hectares, 9643
Rapeseed, Total, Tulcea, Year 2014, Hectares, 18487
Rapeseed, Total, Tulcea, Year 2015, Hectares, 14165
Rapeseed, Total, Tulcea, Year 2016, Hectares, 22696
Rapeseed, Total, Tulcea, Year 2017, Hectares, 25161
Rapeseed, Total, Tulcea, Year 2018, Hectares, 27773
Rapeseed, Total, Tulcea, Year 2019, Hectares, 10317
Rapeseed, Total, Tulcea, Year 2020, Hectares, 16371
Rapeseed, Total, Tulcea, Year 2021, Hectares, 9754
Rapeseed, Total, Tulcea, Year 2022, Hectares, 12799
Rapeseed, Total, Tulcea, Year 2023, Hectares, 22740
Rapeseed, Total, Tulcea, Year 2024, Hectares, 10181
Rapeseed, Total, Sibiu, Year 1999, Hectares, 52
Rapeseed, Total, Sibiu, Year 2002, Hectares, 25
Rapeseed, Total, Sibiu, Year 2003, Hectares, 25
Rapeseed, Total, Sibiu, Year 2006, Hectares, 124
Rapeseed, Total, Sibiu, Year 2007, Hectares, 502
Rapeseed, Total, Sibiu, Year 2008, Hectares, 544
Rapeseed, Total, Sibiu, Year 2009, Hectares, 247
Rapeseed, Total, Sibiu, Year 2010, Hectares, 395
Rapeseed, Total, Sibiu, Year 2011, Hectares, 272
Rapeseed, Total, Sibiu, Year 2012, Hectares, 182
Rapeseed, Total, Sibiu, Year 2013, Hectares, 482
Rapeseed, Total, Sibiu, Year 2014, Hectares, 588
Rapeseed, Total, Sibiu, Year 2015, Hectares, 486
Rapeseed, Total, Sibiu, Year 2016, Hectares, 763
Rapeseed, Total, Sibiu, Year 2017, Hectares, 523
Rapeseed, Total, Sibiu, Year 2018, Hectares, 508
Rapeseed, Total, Sibiu, Year 2019, Hectares, 398
Rapeseed, Total, Sibiu, Year 2020, Hectares, 1226
Rapeseed, Total, Sibiu, Year 2021, Hectares, 2012
Rapeseed, Total, Sibiu, Year 2022, Hectares, 982
Rapeseed, Total, Sibiu, Year 2023, Hectares, 1151
Rapeseed, Total, Sibiu, Year 2024, Hectares, 2236
Rapeseed, Total, Vrancea, Year 1999, Hectares, 199
Rapeseed, Total, Vrancea, Year 2000, Hectares, 195
Rapeseed, Total, Vrancea, Year 2001, Hectares, 446
Rapeseed, Total, Vrancea, Year 2002, Hectares, 1632
Rapeseed, Total, Vrancea, Year 2003, Hectares, 55
Rapeseed, Total, Vrancea, Year 2004, Hectares, 70
Rapeseed, Total, Vrancea, Year 2005, Hectares, 848
Rapeseed, Total, Vrancea, Year 2006, Hectares, 1554
Rapeseed, Total, Vrancea, Year 2007, Hectares, 2383
Rapeseed, Total, Vrancea, Year 2008, Hectares, 3100
Rapeseed, Total, Vrancea, Year 2009, Hectares, 3560
Rapeseed, Total, Vrancea, Year 2010, Hectares, 4333
Rapeseed, Total, Vrancea, Year 2011, Hectares, 4776
Rapeseed, Total, Vrancea, Year 2012, Hectares, 1085
Rapeseed, Total, Vrancea, Year 2013, Hectares, 3159
Rapeseed, Total, Vrancea, Year 2014, Hectares, 3848
Rapeseed, Total, Vrancea, Year 2015, Hectares, 2649
Rapeseed, Total, Vrancea, Year 2016, Hectares, 3506
Rapeseed, Total, Vrancea, Year 2017, Hectares, 3518
Rapeseed, Total, Vrancea, Year 2018, Hectares, 1906
Rapeseed, Total, Vrancea, Year 2019, Hectares, 890
Rapeseed, Total, Vrancea, Year 2020, Hectares, 1264
Rapeseed, Total, Vrancea, Year 2021, Hectares, 2239
Rapeseed, Total, Vrancea, Year 2022, Hectares, 1772
Rapeseed, Total, Vrancea, Year 2023, Hectares, 6338
Rapeseed, Total, Vrancea, Year 2024, Hectares, 4802
